[
  {
    "due-date": {
      "month": 9,
      "hour": 19,
      "year": 2019,
      "day": 2,
      "minute": 50
    },
    "description": "CPEN 211: Lab4",
    "priority": {
      "important": true,
      "urgent": false
    },
    "tags": [],
    "status": "TODO"
  },
  {
    "due-date": null,
    "description": "CPEN 211: Problem Set #1",
    "priority": {
      "important": false,
      "urgent": false
    },
    "tags": [],
    "status": "TODO"
  },
  {
    "due-date": null,
    "description": "CPEN 211: LPT1",
    "priority": {
      "important": false,
      "urgent": false
    },
    "tags": [],
    "status": "TODO"
  },
  {
    "due-date": null,
    "description": "CPSC 314: ASN2,3",
    "priority": {
      "important": false,
      "urgent": false
    },
    "tags": [],
    "status": "TODO"
  },
  {
    "due-date": null,
    "description": "ELEC 201: Webwork ASN3",
    "priority": {
      "important": false,
      "urgent": false
    },
    "tags": [],
    "status": "TODO"
  },
  {
    "due-date": null,
    "description": "ELEC 201: Video Lecture",
    "priority": {
      "important": false,
      "urgent": false
    },
    "tags": [],
    "status": "TODO"
  },
  {
    "due-date": null,
    "description": "APSC 201: porfolio1",
    "priority": {
      "important": false,
      "urgent": false
    },
    "tags": [],
    "status": "TODO"
  }
]