[
  {
    "due-date":{
      "month":1,
      "hour":23,
      "year":2019,
      "day":16,
      "minute":59
    },
    "description":"Register for the course. ",
    "priority":{
      "important":true,
      "urgent":true
    },
    "status":"TODO",
    "tags":[
      {
        "name":"cpsc221"
      }
    ]
  },
  {
    "due-date":null,
    "description":"Download the syllabus. ",
    "priority":{
      "important":false,
      "urgent":false
    },
    "status":"UP_NEXT",
    "tags":[
      {
        "name":"cpsc121"
      }
    ]
  }
]